{
  "author": "Lucas Galfaso",
  "name": "angular-dynamic-locale",
  "main": "src/tmhDynamicLocale.js",
  "description": "Angular Dynamic Locale",
  "version": "0.1.32",
  "homepage": "https://github.com/lgalfaso/angular-dynamic-locale",
  "_release": "0.1.32",
  "_resolution": {
    "type": "version",
    "tag": "0.1.32",
    "commit": "543954af49872d937c1baca44722cc406f49a6e8"
  },
  "_source": "https://github.com/lgalfaso/angular-dynamic-locale.git",
  "_target": "^0.1.32",
  "_originalSource": "angular-dynamic-locale",
  "_direct": true
}