{
"brands": [
    {
      "id": 7,
      "name": "Motorola"
    },
    {
      "id": 5,
      "name": "Samsung"
    },
    {
      "id": 9,
      "name": "Blackberry"
    },
    {
      "id": 4,
      "name": "Microsoft"
    },
    {
      "id": 3,
      "name": "LG"
    },
    {
      "id": 2,
      "name": "Google"
    },
    {
      "id": 1,
      "name": "HTC"
    },
    {
      "id": 12,
      "name": "Apple"
    },
    {
      "id": 8,
      "name": "Sony"
    },
    {
      "id": 11,
      "name": "OnePlus"
    }
  ]
}