{
    "products": [
    {
      "brandId": "12",
      "camera": "5 MP AF with flash, 720p HD video recording",
      "cpu": "1 GHz Qualcomm QSD 8250 Scorpion (Snapdragon)",
      "display": "3.8\" 480 x 800",
      "gpu": null,
      "id": 2,
      "name": "Windows Phone 1",
      "os": "Windows Phone 7",
      "ram": "448 MB",
      "size": "95.4 cm3 119.7 x 61.5 x 13 mm",
      "storage": "16.5 GB",
      "weight": "165 g",
      "year": 2011,
      "price": 329,
      "released": "2010-09-26T18:30:00.000Z"
    },
    {
      "brandId": 1,
      "camera": "5 MP with AF and geotagging",
      "cpu": "600 MHz Qualcomm MSM7227",
      "display": "3.2\" 320 x 480",
      "gpu": null,
      "id": 4,
      "name": "HTC Aria",
      "os": "Android 2.1, upgradable to 2.2",
      "ram": "384 MB",
      "size": "70 cm3 103.8 x 57.7 x 11.7 mm",
      "storage": "512 MB",
      "weight": "115 g",
      "year": 2010,
      "price": 347,
      "released": "2010-12-12T18:30:00.000Z"
    },
    {
      "brandId": 1,
      "camera": "5 MP AF with LED flash, geotagging, 720p HD recording (2.2 update needed)",
      "cpu": "1 GHz Qualcomm QSD 8250 Snapdragon",
      "display": "3.7\" 480 x 800 AMOLED or SLCD",
      "gpu": "Adreno 200",
      "id": 5,
      "name": "HTC Desire",
      "os": "Android 2.1, upgradable to 2.3",
      "ram": "576 MB",
      "size": "85 cm3 119 x 60 x 11.9 mm",
      "storage": "512 MB",
      "weight": "135 g",
      "year": 2010,
      "price": 335,
      "released": "2010-09-26T18:30:00.000Z"
    },
    {
      "brandId": 1,
      "camera": "8 MP AF with dual LED flash, geotagging, 720p HD recording",
      "cpu": "1 GHz Qualcomm MSM 8255 Scorpion (Snapdragon)",
      "display": "4.3\" 480 x 800 SLCD",
      "gpu": "Adreno 205",
      "id": 6,
      "name": "HTC Desire 2002",
      "os": "Android 2.2",
      "ram": "768 MB",
      "size": "98.7 cm3 123 x 68 x 11.8 mm",
      "storage": "1.5 GB",
      "weight": "164 g",
      "year": 2010,
      "price": 385,
      "released": "2010-08-19T18:30:00.000Z"
    },
    {
      "brandId": 1,
      "camera": "5 MP AF with LED flash, geotagging, 720p HD recording",
      "cpu": "800 MHz Qualcomm MSM 7230",
      "display": "3.7\" 800 x 480 SLCD",
      "gpu": "Adreno 205",
      "id": 7,
      "name": "HTC Desire Z (aka T-mobile HTC G2)",
      "os": "Android 2.2 upgradable to 2.3.3",
      "ram": "512 MB",
      "size": "101.8 cm3 119 x 60.4 x 14.2 mm",
      "storage": "1.5 GB",
      "weight": "180 g",
      "year": 2010,
      "price": 374,
      "released": "2010-09-30T18:30:00.000Z"
    },
    {
      "brandId": 1,
      "camera": "5 MP with AF",
      "cpu": "600 MHz Qualcomm",
      "display": "3.2\" 320 x 480",
      "gpu": null,
      "id": 8,
      "name": "HTC HD Mini",
      "os": "Windows Mobile 6.5 Professional",
      "ram": "384 MB",
      "size": "70 cm3 103.8 x 57.7 x 11.7 mm",
      "storage": "512 MB",
      "weight": "110 g",
      "year": 2010,
      "price": 340,
      "released": "2010-05-08T18:30:00.000Z"
    },
    {
      "brandId": 1,
      "camera": "5 MP AF CMOS sensor with dual LED flash, 720p HD video recording",
      "cpu": "1 GHz Qualcomm QSD 8250 Scorpion (Snapdragon)",
      "display": "4.3\" 480 x 800",
      "gpu": "Adreno 200",
      "id": 9,
      "name": "HTC HD7",
      "os": "Windows Phone 7",
      "ram": "576 MB",
      "size": "85 cm3 122 x 68 x 11.2 mm",
      "storage": "8.5 or 16.5 GB (Europe or Asia respectively)",
      "weight": "162 g",
      "year": 2010,
      "price": 266,
      "released": "2010-04-17T18:30:00.000Z"
    },
    {
      "brandId": 1,
      "camera": "5 MP AF with flash, geotagging",
      "cpu": "600 MHz Qualcomm MSM7227",
      "display": "3.2\" 320 x 480 AMOLED",
      "gpu": null,
      "id": 10,
      "name": "HTC Legend",
      "os": "Android 2.1, upgradable to 2.2",
      "ram": "384 MB",
      "size": "72.5 cm3 112 x 56.3 x 11.5 mm",
      "storage": "512 MB",
      "weight": "126 g",
      "year": 2010,
      "price": 300,
      "released": "2010-07-20T18:30:00.000Z"
    },
    {
      "brandId": 2,
      "camera": "5.0 MP AF with LED flash, geotagging, 720 x 480 video at 20 frame/s or higher",
      "cpu": "1 GHz Qualcomm QSD 8250 Snapdragon",
      "display": "3.7\" 480 x 800",
      "gpu": "Adreno 200",
      "id": 11,
      "name": "Google Nexus One",
      "os": "Android 2.1, upgradable to 2.3.4",
      "ram": "512 MB",
      "size": "81.8 cm3 119 x 59.8 x 11.5 mm",
      "storage": "512 MB",
      "weight": "130 g",
      "year": 2010,
      "price": 328,
      "released": "2010-01-06T18:30:00.000Z"
    },
    {
      "brandId": 1,
      "camera": "3 MP with flashlight",
      "cpu": "300 MHz",
      "display": "2.8\" 240 x 320",
      "gpu": null,
      "id": 12,
      "name": "HTC Smart",
      "os": "Brew Mobile Platform",
      "ram": "256 MB",
      "size": "73.2 cm3 104 x 55 x 12.8 mm",
      "storage": "256 MB",
      "weight": "108 g",
      "year": 2010,
      "price": 314,
      "released": "2011-01-04T18:30:00.000Z"
    },
    {
      "brandId": 1,
      "camera": "5 MP AF with LED flash, geotagging",
      "cpu": "528 MHz Qualcomm MSM7225",
      "display": "3.2\" 240 x 320",
      "gpu": null,
      "id": 13,
      "name": "HTC Wildfire",
      "os": "Android 2.1, upgradable to 2.2",
      "ram": "384 MB",
      "size": "78.6 cm3 106.8 x 60.4 x 12.2 mm",
      "storage": "512 MB",
      "weight": "118 g",
      "year": 2010,
      "price": 379,
      "released": "2010-11-14T18:30:00.000Z"
    },
    {
      "brandId": 3,
      "camera": "5 MP AF with LED flash and geotagging, 720p HD video recording",
      "cpu": "1 GHz Qualcomm QSD 8650 Scorpion (Snapdragon)",
      "display": "4.0\" 480 x 800",
      "gpu": "Adreno 200",
      "id": 14,
      "name": "LG Optimus 7",
      "os": "Windows Phone 7",
      "ram": "512 MB",
      "size": "85.9 cm3 125 x 59.8 x 11.5 mm",
      "storage": "16.5 GB",
      "weight": "157 g",
      "year": 2010,
      "price": 220,
      "released": "2011-01-01T18:30:00.000Z"
    },
    {
      "brandId": 3,
      "camera": "3.0 MP AF",
      "cpu": "600 MHz",
      "display": "3.2\" 320 x 480",
      "gpu": null,
      "id": 15,
      "name": "LG Optimus One P500",
      "os": "Android 2.2, upgradable to 2.3",
      "ram": "512 MB",
      "size": "89.1 cm3 113.5 x 59 x 13.3 mm",
      "storage": "150 MB",
      "weight": "129 g",
      "year": 2010,
      "price": 223,
      "released": "2010-11-07T18:30:00.000Z"
    },
    {
      "brandId": 7,
      "camera": "5 MP AF, 720p HD video recording (rear); 1.3 MP (front)",
      "cpu": "1 GHz ARM Cortex-A8 Samsung Hummingbird",
      "display": "4.0\" 480 x 800 Super AMOLED",
      "gpu": "PowerVR SGX 540",
      "id": 16,
      "name": "Samsung Galaxy S",
      "os": "Android 2.1",
      "ram": "512 MB",
      "size": "77.8 cm3",
      "storage": "16 GB + 0-32 GB micro SD",
      "weight": "118 g",
      "year": 2010,
      "price": 207,
      "released": "2010-02-11T18:30:00.000Z"
    },
    {
      "brandId": 2,
      "camera": "5 MP 2560x1920 AF with LED flash, 720x480 video recording (rear); 0.3 MP 640x480(front)",
      "cpu": "1 GHz ARM Cortex-A8 Samsung Hummingbird S5PC110",
      "display": "4.0\" 480 x 800 Super AMOLED",
      "gpu": "PowerVR SGX 540",
      "id": 17,
      "name": "Google Nexus S",
      "os": "Android 2.3",
      "ram": "512 MB",
      "size": "84.3 cm3 123.9 x 63 x 10.8 mm",
      "storage": "16 GB",
      "weight": "129 g",
      "year": 2010,
      "price": 363,
      "released": "2010-04-07T18:30:00.000Z"
    },
    {
      "brandId": 5,
      "camera": "5 MP AF with LED flash and geotagging, 720p HD video recording",
      "cpu": "1 GHz Qualcomm QSD 8250 Scorpion (Snapdragon)",
      "display": "4.0\" 480 x 800 Super AMOLED",
      "gpu": "Adreno 200",
      "id": 18,
      "name": "Samsung Omnia 7",
      "os": "Windows Phone 7",
      "ram": "512 MB",
      "size": "86.4 cm3 122.4 x 64.2 x 11 mm",
      "storage": "1 GB",
      "weight": "138.2 g",
      "year": 2010,
      "price": 337,
      "released": "2010-04-20T18:30:00.000Z"
    },
    {
      "brandId": 8,
      "camera": "8 MP, 3264 x 2448 pixels, AF, LED flash",
      "cpu": "1 GHz Qualcomm QSD8250 Snapdragon",
      "display": "4.0\" 854 x 480",
      "gpu": "Adreno 200",
      "id": 19,
      "name": "Sony Ericsson Xperia X10",
      "os": "Android 2.1",
      "ram": "384 MB",
      "size": "97.5 cm3 119 x 63 x 13 mm",
      "storage": "1.0 GB + 0-32 GB micro SD",
      "weight": "135 g",
      "year": 2010,
      "price": 302,
      "released": "2010-10-16T18:30:00.000Z"
    },
    {
      "brandId": 12,
      "camera": "8.0 MP AF with LED flash, face detection, video stabilization, and geotagging, 1920 x 1080 video at 30 frame/s (rear); 0.3 MP VGA (front)",
      "cpu": "800 MHz dual-core Apple A5",
      "display": "3.5\" 640 x 960 Retina display, 326 ppi",
      "gpu": "PowerVR SGX543MP2",
      "id": 20,
      "name": "Apple iPhone",
      "os": "iOS 5, upgradeable to iOS 9.0",
      "ram": "512 MB",
      "size": "62.8 cm3 115.2 x 58.6 x 9.3mm",
      "storage": "8, 16, 32, or 64 GB",
      "weight": "140 g",
      "year": 2011,
      "price": 368,
      "released": "2011-11-14T18:30:00.000Z"
    },
    {
      "brandId": 1,
      "camera": "5 MP AF with flash, 720p HD video recording",
      "cpu": "1 GHz Qualcomm QSD 8650 Scorpion (Snapdragon)",
      "display": "3.6\" 480 x 800",
      "gpu": null,
      "id": 21,
      "name": "HTC 7 Pro",
      "os": "Windows Phone 7",
      "ram": "576 MB",
      "size": "107.4 cm3 117.5 x 59 x 15.5 mm",
      "storage": "8.5 GB",
      "weight": "185 g",
      "year": 2011,
      "price": 233,
      "released": "2011-09-15T18:30:00.000Z"
    },
    {
      "brandId": 1,
      "camera": "5 MP AF with LED flash, geotagging, 720p HD recording",
      "cpu": "1 GHz Qualcomm MSM8255 Snapdragon",
      "display": "3.7\" 480 x 800 SLCD",
      "gpu": "Adreno 205",
      "id": 22,
      "name": "HTC Desire S",
      "os": "Android 2.3, upgradable to 4.0.4",
      "ram": "768 MB",
      "size": "79.8 cm  115 x 59.8 x 11.6 mm",
      "storage": "1.1 GB",
      "weight": "130 g",
      "year": 2011,
      "price": 336,
      "released": "2011-10-05T18:30:00.000Z"
    },
    {
      "brandId": 1,
      "camera": "Dual 5 MP AF rear back-illuminated sensors with dual LED flash; 1.3 MP front",
      "cpu": "1.2 GHz dual-core Qualcomm MSM 8660 Snapdragon",
      "display": "4.3\" 540x960 qHD at 256 ppi, Autostereoscopic 3D-capable (glasses-free) SLCD",
      "gpu": "Adreno 220",
      "id": 23,
      "name": "HTC EVO 3D",
      "os": "Android 2.3 Gingerbread",
      "ram": "1 GB",
      "size": "100.6 cm3 127 x 66 x 12 mm",
      "storage": "4 GB eMMC",
      "weight": "170 g",
      "year": 2011,
      "price": 224,
      "released": "2011-10-24T18:30:00.000Z"
    },
    {
      "brandId": 1,
      "camera": "8 MP AF with dual LED flash, geotagging, 720p HD recording",
      "cpu": "1 GHz Qualcomm MSM 8255 Scorpion (Snapdragon)",
      "display": "4.0\" 480 x 800 SLCD",
      "gpu": "Adreno 205",
      "id": 24,
      "name": "HTC Incredible S",
      "os": "Android 2.2, upgradable to 2.3",
      "ram": "768 MB",
      "size": "98.7 cm3 120 x 64 x 11.7 mm",
      "storage": "1.1 GB",
      "weight": "135g",
      "year": 2011,
      "price": 257,
      "released": "2011-05-21T18:30:00.000Z"
    },
    {
      "brandId": 1,
      "camera": "8 MP AF rear with dual LED flash, geotagging, 1080p video @ 30frame/s; 0.3 MP VGA front",
      "cpu": "1.2 GHz dual-core Qualcomm MSM 8260 Snapdragon",
      "display": "4.3\" 540x960 qHD SLCD",
      "gpu": "Adreno 220",
      "id": 25,
      "name": "HTC Sensation",
      "os": "Android 2.3, upgradable to 4.0.3",
      "ram": "768 MB",
      "size": "93.2 cm3 126.1 x 65.4 x 11.3 mm",
      "storage": "1 GB",
      "weight": "148 g",
      "year": 2011,
      "price": 341,
      "released": "2012-01-04T18:30:00.000Z"
    },
    {
      "brandId": 1,
      "camera": "5 MP AF with LED flash, geotagging",
      "cpu": "600 MHz Qualcomm MSM7227",
      "display": "3.2\" 320 x 480",
      "gpu": "Adreno 200",
      "id": 26,
      "name": "HTC Wildfire S",
      "os": "Android 2.3.3, upgradable to 2.3.5",
      "ram": "512 MB",
      "size": "74.6 cm3 101.3 x 59.4 x 12.4 mm",
      "storage": "512 MB",
      "weight": "105 g",
      "year": 2011,
      "price": 384,
      "released": "2011-05-18T18:30:00.000Z"
    },
    {
      "brandId": 3,
      "camera": "8 MP, 3264x2448 pixels rear AF with LED flash, 1080p video @ 24frame/s, 720p @ 30 frame/s; 1.3 MP front",
      "cpu": "1 GHz Nvidia Tegra 2 dual-core ARM Cortex-A9",
      "display": "4.0\" 480 x 800",
      "gpu": "GeForce ULP",
      "id": 27,
      "name": "LG Optimus 2X",
      "os": "Android 2.2, upgradable to 2.3",
      "ram": "512 MB",
      "size": "85.3 cm3 123.9 x 63.2 x 10.9mm",
      "storage": "8 GB",
      "weight": "139 g",
      "year": 2011,
      "price": 206,
      "released": "2011-11-10T18:30:00.000Z"
    },
    {
      "brandId": 7,
      "camera": "8.0 MP AF with LED flash, 1080p video at 30 frame/s",
      "cpu": "1 GHz Texas Instruments OMAP4430 dual-core ARM Cortex-A9 SoC",
      "display": "4.3\" 540x960 qHD LCD",
      "gpu": "PowerVR SGX 540",
      "id": 28,
      "name": "Motorola Droid Bionic",
      "os": "Android 2.3.4",
      "ram": "1 GB",
      "size": "93 cm3 127.5 x 66.9 x 10.9mm",
      "storage": "16 GB",
      "weight": "158 g",
      "year": 2011,
      "price": 305,
      "released": "2011-12-24T18:30:00.000Z"
    },
    {
      "brandId": 7,
      "camera": "5.0 MP AF rear with LED flash, 720p video at 30 frame/s; 0.3 MP VGA front",
      "cpu": "1 GHz Nvidia Tegra 2 dual-core ARM Cortex-A9",
      "display": "4.0\" 540x960 qHD LCD",
      "gpu": "GeForce ULP",
      "id": 29,
      "name": "Motorola Atrix 4G",
      "os": "Android 2.2, upgradable to 2.3",
      "ram": "1 GB",
      "size": "81.9 cm3 117.75 x 63.5 x 10.95mm",
      "storage": "16 GB",
      "weight": "135 g",
      "year": 2011,
      "price": 355,
      "released": "2011-12-11T18:30:00.000Z"
    },
    {
      "brandId": 7,
      "camera": "8.0 MP AF with flash, 720p HD video recording / 1.3MP front-facing camera",
      "cpu": "1.2 GHz TI OMAP4430",
      "display": "4.3\" 540 x 960",
      "gpu": "PowerVR SGX540",
      "id": 30,
      "name": "Motorola Droid RAZR",
      "os": "Android 2.3.5 Gingerbread",
      "ram": "1 GB",
      "size": "94 cm3 130.7 x 68.9 x 7.1 mm",
      "storage": "16 GB",
      "weight": "127 g",
      "year": 2011,
      "price": 336,
      "released": "2011-01-05T18:30:00.000Z"
    },
    {
      "brandId": 7,
      "camera": "5.0 MP AF, LED flash, zero shutter lag, 1080p video recording (1920x1080 @ 30 fps) (rear); 1.3 MP, 720p video (front)",
      "cpu": "1.2 GHz dual-core Texas Instruments OMAP4460 ARM Cortex-A9",
      "display": "4.65\" 720 x 1280 (Super AMOLED ~316 PPI)",
      "gpu": "PowerVR SGX540",
      "id": 31,
      "name": "Samsung Galaxy Nexus 3 - Galaxy X - Galaxy Nexus I9250",
      "os": "Android 4.0.1 (Ice Cream Sandwich), upgradeable to 4.2.2 or 4.3 (Jellybean)",
      "ram": "1 GB",
      "size": "81.9 cm3 135.5 x 67.9 x 8.9 mm",
      "storage": "16 GB",
      "weight": "135 g",
      "year": 2011,
      "price": 340,
      "released": "2011-11-23T18:30:00.000Z"
    },
    {
      "brandId": 7,
      "camera": "5.0 MP AF, LED flash, w480p@30fps video recording VGA video (front)",
      "cpu": "1.0 GHz Cortex-A8 (Hummingbird Chipset)",
      "display": "4.0\" 480 x 800 (Super AMOLED ~233 PPI)",
      "gpu": "PowerVR SGX540",
      "id": 32,
      "name": "Samsung Galaxy Nexus S 4G - Samsung SPH-D720",
      "os": "Android 2.3 (Gingerbread), upgradeable to Android 4.1.2 (Jellybean)",
      "ram": "512 MB",
      "size": "85.0 cm3 123.9 x 63 x 10.9 mm",
      "storage": "16 GB",
      "weight": "131 g",
      "year": 2011,
      "price": 308,
      "released": "2011-07-22T18:30:00.000Z"
    },
    {
      "brandId": 7,
      "camera": "8.0 MP AF, LED flash, 1080p video recording (1920x1080 @ 30 fps) (rear); 2 MP VGA video (front)",
      "cpu": "1.4 GHz dual-core ARM Cortex-A9 SoC processor; Samsung Exynos 4210 (GT-N7000) / 1.5Ghz Qualcomm Snapdragon 8255T (GT-N7003)",
      "display": "5.3\" 800 x 1280",
      "gpu": "ARM Mali-400 MP (GT-N7000)/Adreno 220(GT-N7003)",
      "id": 33,
      "name": "Samsung Galaxy Note",
      "os": "Android 2.3.6 (Gingerbread)",
      "ram": "1 GB",
      "size": "117.5 cm3 146.85 mm x 82.95 mm x 9.65 mm",
      "storage": "16 or 32 GB",
      "weight": "178 g",
      "year": 2011,
      "price": 253,
      "released": "2011-01-21T18:30:00.000Z"
    },
    {
      "brandId": 7,
      "camera": "8 MP 3264 x 2448 pixels, 1080p video @ 30frame/s (rear); 2 MP (front)",
      "cpu": "1.2 or 1.5 GHz dual-core ARM Cortex-A9 Samsung Exynos",
      "display": "4.27\" 480 x 800 Super AMOLED Plus",
      "gpu": "ARM Mali-400MP or GeForce ULP",
      "id": 34,
      "name": "Samsung Galaxy S II",
      "os": "Android 2.3 (upgradable to JellyBean 4.1.2)",
      "ram": "1 GB",
      "size": "70.3 cm3 125.3 x 66.1 x 8.49 mm",
      "storage": "16 or 32 GB",
      "weight": "116 g",
      "year": 2011,
      "price": 251,
      "released": "2011-08-14T18:30:00.000Z"
    },
    {
      "brandId": 7,
      "camera": "5.0 MP AF with LED flash, macro, smile detection, panorama (rear); 0.31 MP (front)",
      "cpu": "1.4 GHz Qualcomm Snapdragon MSM8255T Scorpion",
      "display": "3.7\" 480 x 800 Super LCD",
      "gpu": "Adreno 205",
      "id": 35,
      "name": "Samsung Galaxy W GT-I8150[42] [43]",
      "os": "Android 2.3.5 Gingerbread",
      "ram": "512 MB",
      "size": "79.8 cm3 115.5 x 59.8 x 11.55mm",
      "storage": "3.7 GB",
      "weight": "114.7 g",
      "year": 2011,
      "price": 241,
      "released": "2011-02-28T18:30:00.000Z"
    },
    {
      "brandId": 7,
      "camera": "8 MP AF with LED flash, smile detection, ISO control (rear), 1.3 MP (front)",
      "cpu": "1.2 GHz Samsung Hummingbird",
      "display": "4.5\" 480 x 800 Super AMOLED Plus",
      "gpu": null,
      "id": 36,
      "name": "Samsung Infuse 4G",
      "os": "Android 2.2 (upgradable to Gingerbread 2.3.6)",
      "ram": "512 MB",
      "size": "84.3 cm3 132 x 71 x 9 mm",
      "storage": "8 or 16 GB (NAND flash memory)",
      "weight": "139 g",
      "year": 2011,
      "price": 214,
      "released": "2011-07-24T18:30:00.000Z"
    },
    {
      "brandId": 8,
      "camera": "8 MP AF with LED flash, image stabilization, geo-tagging, face and smile detection; 720p HD video recording with continuous autofocus",
      "cpu": "1 GHz Qualcomm MSM8255 Scorpion (Snapdragon)",
      "display": "4.2\" 480 x 854 LED-backlit LCD",
      "gpu": "Adreno 205",
      "id": 37,
      "name": "Sony Ericsson Xperia Arc",
      "os": "Android 2.3",
      "ram": "512 MB",
      "size": "68.5 cm3 125 x 63 x 8.7 mm",
      "storage": "320 MB",
      "weight": "117 g",
      "year": 2011,
      "price": 327,
      "released": "2011-03-09T18:30:00.000Z"
    },
    {
      "brandId": 8,
      "camera": "8 MP AF with LED flash, image stabilization, geo-tagging, face and smile detection, 3D sweep panorama; 720p HD video recording with continuous autofocus, video stabilizer",
      "cpu": "1.4 GHz Qualcomm MSM8255T Scorpion (Snapdragon)",
      "display": "4.2\" 480 x 854 LED-backlit LCD",
      "gpu": "Adreno 205",
      "id": 38,
      "name": "Sony Ericsson Xperia arc S",
      "os": "Android 2.3.4",
      "ram": "512 MB",
      "size": "68.5 cm3 125 x 63 x 8.7 mm",
      "storage": "1,024 MB",
      "weight": "117 g",
      "year": 2011,
      "price": 270,
      "released": "2011-02-22T18:30:00.000Z"
    },
    {
      "brandId": 8,
      "camera": "8 MP, 3264 x 2448 pixels, Exmor-R, face-detection, AF, LED flash, 720p HD video recording",
      "cpu": "1 GHz Qualcomm MSM8255 Snapdragon",
      "display": "3.7\" 480 x 854",
      "gpu": "Adreno 205",
      "id": 39,
      "name": "Sony Ericsson Xperia Neo",
      "os": "Android 2.3",
      "ram": "512 MB",
      "size": "86 cm3 116 x 57 x 13 mm",
      "storage": "380 MB",
      "weight": "126 g",
      "year": 2011,
      "price": 259,
      "released": "2011-07-05T18:30:00.000Z"
    },
    {
      "brandId": 12,
      "camera": "8.0 MP with LED flash, face detection, video stabilization, geotagging, infrared cut-off filter, back-illuminated sensor, and available to take photos while shooting videos, 1080p@30fps video; 1.2 MP front, 720p@30fps video",
      "cpu": "1.3 GHz dual-core Apple A6",
      "display": "4.0\" 1136 x 640, 326 ppi",
      "gpu": "PowerVR SGX543MP3",
      "id": 40,
      "name": "Apple iPhone 5",
      "os": "iOS 6, upgradeable to iOS 9.2",
      "ram": "1 GB",
      "size": "123.8 x 58.6 x 7.6 mm",
      "storage": "16 GB, 32 GB, or 64 GB",
      "weight": "112 g",
      "year": 2012,
      "price": 276,
      "released": "2012-12-05T18:30:00.000Z"
    },
    {
      "brandId": 1,
      "camera": "5 MP AF rear with dual LED flash, geotagging, 720p video @ 25frame/s",
      "cpu": "1 GHz Qualcomm MSM 8255 Snapdragon",
      "display": "3.7\" 480x800 WVGA SLCD2",
      "gpu": "Adreno 205",
      "id": 41,
      "name": "HTC One V",
      "os": "Android 4.0.3",
      "ram": "512 MB",
      "size": null,
      "storage": "4 GB",
      "weight": "115 g",
      "year": 2012,
      "price": 396,
      "released": "2012-06-04T18:30:00.000Z"
    },
    {
      "brandId": 1,
      "camera": "8 MP AF rear with dual LED flash, geotagging, 1080p video @ 30frame/s; 0.3 MP VGA front",
      "cpu": "1.5 GHz dual-core Qualcomm MSM 8260A Snapdragon S4",
      "display": "4.3\" 540x960 qHD Super AMOLED",
      "gpu": "Adreno 225",
      "id": 42,
      "name": "HTC One S",
      "os": "Android 4.0.3/4.0.4",
      "ram": "1 GB",
      "size": null,
      "storage": "16 GB",
      "weight": "119.5 g",
      "year": 2012,
      "price": 322,
      "released": "2012-04-16T18:30:00.000Z"
    },
    {
      "brandId": 1,
      "camera": "8 MP AF rear with dual LED flash, geotagging, 1080p video @ 30frame/s; 1.3 MP (with 720p video recording)",
      "cpu": "1.5 GHz quad-core ARM Cortex-A9, Nvidia Tegra 3",
      "display": "4.7\" HD 720p 720x1280 pixels Super IPS LCD2",
      "gpu": "ULP GeForce (@520 MHz)",
      "id": 43,
      "name": "HTC One X",
      "os": "Android 4.0.3/4.0.4",
      "ram": "1 GB",
      "size": null,
      "storage": "32 GB",
      "weight": "130 g",
      "year": 2012,
      "price": 202,
      "released": "2012-06-13T18:30:00.000Z"
    },
    {
      "brandId": 1,
      "camera": "8 MP camera with auto focus, LED flash, and BSI sensor (for better low-light captures), geotagging, 1080p video @ 30frame/s; 1.6 MP (with 720p video recording), Dedicated HTC \"ImageSense\" image processor",
      "cpu": "1.7 GHz, Quad core ARM Cortex-A9, Nvidia Tegra 3",
      "display": "4.7\" HD 720p super LCD 2 touch screen with Gorilla® Glass 2",
      "gpu": "ULP GeForce (@520 MHz)",
      "id": 44,
      "name": "HTC One X+",
      "os": "Android 4.1.1",
      "ram": "1 GB",
      "size": "134.36 x 69.9 x 8.9 mm",
      "storage": "64 GB",
      "weight": "135 g",
      "year": 2012,
      "price": 226,
      "released": "2012-03-18T18:30:00.000Z"
    },
    {
      "brandId": 2,
      "camera": "8 MP rear, LED flash, 1080p@30fps video; 1.3 MP front, 1080p@30fps video",
      "cpu": "1.5 GHz quad-core Snapdragon S4 Pro",
      "display": "4.7\" 1280 x 768, 316 ppi",
      "gpu": "Adreno 320",
      "id": 45,
      "name": "Google Nexus 4",
      "os": "Android 4.3 (Jelly Bean)",
      "ram": "2 GB",
      "size": "133.9 x 68.7 x 9.1 mm",
      "storage": "8 GB or 16 GB",
      "weight": "139 g",
      "year": 2012,
      "price": 246,
      "released": "2012-06-29T18:30:00.000Z"
    },
    {
      "brandId": 7,
      "camera": "3.0 MP AF, LED flash,",
      "cpu": "1 GHz, MSM8255, Qualcomm",
      "display": "3.7\" 480x800",
      "gpu": "Adreno 205",
      "id": 46,
      "name": "Samsung Exhibit II 4G",
      "os": "Android",
      "ram": "512 MB",
      "size": "81.9 cm3 4.54\" x 2.35\" x 0.45\"",
      "storage": "16 or 32 GB",
      "weight": "135 g",
      "year": 2012,
      "price": 258,
      "released": "2012-01-08T18:30:00.000Z"
    },
    {
      "brandId": 7,
      "camera": "8 MP AF, 1080p HD video recording (rear); 1.9 MP (front)",
      "cpu": "1.6 GHz quad-core Cortex-A9",
      "display": "5.5\" 720 x 1280 HD Super AMOLED 267 ppi",
      "gpu": "ARM Mali-400MP",
      "id": 47,
      "name": "Samsung Galaxy Note II",
      "os": "Android 4.1.1 (Jelly Bean)",
      "ram": "2 GB",
      "size": "108 cm3 151.1 mm (5.95 in) x 80.5 mm (3.17 in) x 9.4 mm (0.37 in)",
      "storage": "16, 32 or 64 GB flash memory",
      "weight": "180 g",
      "year": 2012,
      "price": 285,
      "released": "2012-07-07T18:30:00.000Z"
    },
    {
      "brandId": 7,
      "camera": "8 MP AF, 1080p HD video recording (rear); 1.9 MP (front)",
      "cpu": "1.4 GHz quad-core Exynos",
      "display": "4.8\" 720 x 1280 Super AMOLED 306 ppi",
      "gpu": "Mali-400 MP",
      "id": 48,
      "name": "Samsung Galaxy S III GT-I9300 (international)",
      "os": "Android 4.04",
      "ram": "1 GB",
      "size": "136.6x70.7x8.6 mm",
      "storage": "16, 32 or 64 GB + 32 GB micro SD",
      "weight": "133 g",
      "year": 2012,
      "price": 265,
      "released": "2012-09-09T18:30:00.000Z"
    },
    {
      "brandId": 7,
      "camera": "8 MP AF, 1080p HD video recording (rear); 1.9 MP (front)",
      "cpu": "1.4 GHz quad-core Exynos",
      "display": "4.8\" 720 x 1280 Super AMOLED 306 ppi",
      "gpu": "Mali-400 MP",
      "id": 49,
      "name": "Samsung Galaxy S III SHV-E210K/L/S (South Korea)",
      "os": "Android 4.04",
      "ram": "2 GB",
      "size": "136.6x70.6x9.0 mm",
      "storage": "16, 32 or 64 GB + 32 GB micro SD",
      "weight": "138.5 g",
      "year": 2012,
      "price": 378,
      "released": "2012-08-17T18:30:00.000Z"
    },
    {
      "brandId": 7,
      "camera": "8 MP AF, 1080p HD video recording (rear); 1.9 MP (front)",
      "cpu": "1.4 GHz quad-core Exynos",
      "display": "4.8\" 720 x 1280 Super AMOLED 306 ppi",
      "gpu": "Mali-400 MP",
      "id": 50,
      "name": "Samsung Galaxy S III GT-I9305[T] (International)",
      "os": "Android 4.04",
      "ram": "2 GB",
      "size": "136.6x70.7x8.6 mm",
      "storage": "16 or 32 GB + 32 GB micro SD",
      "weight": "133 g",
      "year": 2012,
      "price": 285,
      "released": "2012-10-14T18:30:00.000Z"
    },
    {
      "brandId": 7,
      "camera": "5 MP AF, 720p HD video recording (rear); 0.3 MP (front)",
      "cpu": "1.0 GHz dual-core Cortex-A9",
      "display": "4\" 480 x 800 Super AMOLED 233 ppi",
      "gpu": "Mali-400",
      "id": 51,
      "name": "Samsung Galaxy S III mini",
      "os": "Android 4.1.2",
      "ram": "1 GB",
      "size": "121.6x63x9.9 mm",
      "storage": "8 GB + micro SD",
      "weight": "112 g",
      "year": 2012,
      "price": 294,
      "released": "2012-09-26T18:30:00.000Z"
    },
    {
      "brandId": 8,
      "camera": "1080p FullHD video, f/2.4, Exmor R sensor, photo&video stabilizer; 0.3Mp front camera",
      "cpu": "1.5 GHz dual-core Snapdragon S4",
      "display": "4.3\" HD 720 x 1280 TFT LCD (340 ppi)",
      "gpu": "Adreno 225",
      "id": 52,
      "name": "Sony Xperia V",
      "os": "Android 4.0",
      "ram": "1 GB",
      "size": "129 x 65 x 10.7 mm",
      "storage": "8 GB",
      "weight": "120 g",
      "year": 2012,
      "price": 211,
      "released": "2012-01-12T18:30:00.000Z"
    },
    {
      "brandId": 8,
      "camera": "12.1 1080p FullHD video, f/2.4, Exmor R sensor, photo&video stabilizer; 1.3Mp front camera, 720p HD",
      "cpu": "1.5 GHz Qualcomm MSM 8260 1.5 GHz Dual Core",
      "display": "4.3\" HD 720 x 1280 TFT LCD (340 ppi)",
      "gpu": "Adreno 220",
      "id": 53,
      "name": "Sony Xperia S",
      "os": "Android 2.3 (upgradable to ICS 4.0.4)",
      "ram": "1 GB",
      "size": "86.8 cm3 128 x 64 x 10.6 mm",
      "storage": "32 GB eMMC",
      "weight": "144 g",
      "year": 2012,
      "price": 320,
      "released": "2012-03-06T18:30:00.000Z"
    },
    {
      "brandId": 8,
      "camera": "5 MP, 3264 x 2448 pixels, Exmor-R, face-detection, AF, LED flash, 720p HD video recording",
      "cpu": "1 GHz dual core",
      "display": "3.7\" 480 x 854",
      "gpu": "Adreno 205",
      "id": 54,
      "name": "Sony Xperia Sola",
      "os": "Android 4.0",
      "ram": "512 MB",
      "size": "86 cm3 116 x 57 x 13 mm",
      "storage": "380 MB",
      "weight": "126 g",
      "year": 2012,
      "price": 388,
      "released": "2012-08-18T18:30:00.000Z"
    },
    {
      "brandId": 7,
      "camera": "8 MP with flash (rear);",
      "cpu": "1.5 GHz Qualcomm Snapdragon S4 MSM8960 dual-core",
      "display": "4.8\" 1280x720",
      "gpu": "Adreno 225",
      "id": 55,
      "name": "Samsung ATIV S",
      "os": "Windows Phone 8",
      "ram": "1 GB",
      "size": "84.151cm3 137.2 x 70.5 x 8.7mm",
      "storage": "16 or 32 GB + microSD",
      "weight": "135 g",
      "year": 2012,
      "price": 314,
      "released": "2012-02-28T18:30:00.000Z"
    },
    {
      "brandId": 1,
      "camera": "4 MP, 2.0 μm camera with auto focus, \"UltraPixel\" image sensor, smart LED flash, BSI sensor, F2.0 aperture, 28 mm lens, dedicated imaging chip, continuous shooting, optical image stabilization. 1080p HD video recording, video stabilization, slow motion video capture (768 x 432 pixels), HDR video recording; 2.1-megapixel front camera (1080p recording)",
      "cpu": "1.7 GHz quad-core Krait 300 (snapdragon 600)",
      "display": "4.7\" HD 1080p Super LCD 3 with RGB matrix (16:9 Aspect ratio) (468 ppi) with Corning Gorilla Glass 2.0",
      "gpu": "Adreno 320",
      "id": 56,
      "name": "HTC One",
      "os": "Android 4.1.2, upgradable to v5.0.1 Android Lollipop",
      "ram": "2 GB",
      "size": "137.4 x 68.2 x 9.3 mm",
      "storage": "32, 64 GB",
      "weight": "143 g",
      "year": 2013,
      "price": 288,
      "released": "2013-04-02T18:30:00.000Z"
    },
    {
      "brandId": 3,
      "camera": "8 MP OIS (Optical Image Stabilizer), Sapphire Crystal Glass Lens, Multi-point AF (9 Points), Full HD 30fps Recording/Playback",
      "cpu": "2.3 GHz Quad-Core (Snapdragon 800) CPU, Krait 400",
      "display": "4.95\" 1920 x 1080, 445ppi",
      "gpu": "Adreno 330",
      "id": 57,
      "name": "LG Nexus 5",
      "os": "Android 4.4 (KitKat)",
      "ram": "2 GB LPDDR3 800 MHz",
      "size": "69.1 x 137.9 x 8.6 mm",
      "storage": "16, 32 GB",
      "weight": "130g",
      "year": 2013,
      "price": 259,
      "released": "2013-08-12T18:30:00.000Z"
    },
    {
      "brandId": 12,
      "camera": "8 MP back-side illuminated sensor, True Tone flash, HD video (1080p) at 30 frame/s, HD video (720p) at 120 frame/s; front, 1.2 MP, HD video (720p)",
      "cpu": "1.3 GHz dual-core Apple A7 (64-bit)",
      "display": "4.0\" 1136 x 640 LED backlit IPS TFT LCD",
      "gpu": "PowerVR G6430 (four cluster)",
      "id": 58,
      "name": "Apple iPhone 5S",
      "os": "iOS 7, upgradeable to iOS 9.0",
      "ram": "1 GB LPDDR3 RAM",
      "size": "123.8 x 58.6 x 7.6 mm",
      "storage": "16, 32, or 64 GB",
      "weight": "112 g",
      "year": 2013,
      "price": 254,
      "released": "2013-04-06T18:30:00.000Z"
    },
    {
      "brandId": 9,
      "camera": "8 MP rear, 1080p video with autofocus, LED flash; 2 MP front, 720p video",
      "cpu": "1.5 GHz dual-core Qualcomm Snapdragon S4 Plus (LTE) or TI OMAP 4470 (Non-LTE)",
      "display": "4.2\" 1280 x 768, 356 ppi",
      "gpu": "Adreno 225 (LTE) or PowerVR SGX 544 (Non-LTE)",
      "id": 59,
      "name": "Blackberry Z10",
      "os": "BlackBerry 10",
      "ram": "2 GB",
      "size": "130 x 65.6 x 9 mm",
      "storage": "16 GB",
      "weight": "137.5 g",
      "year": 2013,
      "price": 337,
      "released": "2013-12-06T18:30:00.000Z"
    },
    {
      "brandId": 9,
      "camera": "8 MP rear, 1080p video with autofocus, LED flash; 2 MP front, 720p video",
      "cpu": "1.7 GHz dual-core Qualcomm Snapdragon S4 Plus (LTE) (MSM8960 T Pro)",
      "display": "5\" 1280 x 768, 295ppi, Super AMOLED",
      "gpu": "Adreno 320 (LTE) or PowerVR SGX 544 (Non-LTE)",
      "id": 60,
      "name": "Blackberry Z30",
      "os": "BlackBerry 10.2",
      "ram": "2 GB",
      "size": "140.7 x 72 x 9.4 mm",
      "storage": "16 GB",
      "weight": "170 g",
      "year": 2013,
      "price": 265,
      "released": "2013-05-31T18:30:00.000Z"
    },
    {
      "brandId": 3,
      "camera": "13 MP OIS (Optical Image Stabilizer), 8x Digital zoom, Sapphire Crystal Glass Lens, Multi-point AF (9 Points), Full HD 60fps Recording/Playback",
      "cpu": "2.26 GHz Quad-Core (Snapdragon 800) CPU, Krait 400",
      "display": "5.2\" 1920 x 1080, 423ppi",
      "gpu": "Adreno 330",
      "id": 61,
      "name": "LG G2",
      "os": "Android 4.2.2 (Jelly Bean)",
      "ram": "2 GB LPDDR3 800 MHz",
      "size": "70.9 x 138.5 x 9.1 mm",
      "storage": "32 GB eMMC",
      "weight": "140g",
      "year": 2013,
      "price": 311,
      "released": "2013-10-15T18:30:00.000Z"
    },
    {
      "brandId": 7,
      "camera": "13.1 MP rear Full HD (1080p) video recording at 30fps, 2 MP front facing",
      "cpu": "1.9 GHz quad-core Krait 300 APQ8064T (Snapdragon 600) or 1.6 GHz quad-core ARM Cortex-A15 and 1.2 GHz quad-core ARM Cortex-A7 (Samsung Exynos 5 Octa 5410)",
      "display": "4.99\" 16M-color Super AMOLED HD capacitive touchscreen with a resolution of 1920 x 1080 pixels (441ppi)",
      "gpu": "Chipset: Exynos 5410 Octa / Snapdragon 600, GPU: PowerVR SGX 544MP3 / Adreno 320,",
      "id": 62,
      "name": "Samsung Galaxy S4",
      "os": "Android 4.2.2 (Jelly Bean)",
      "ram": "2 GB",
      "size": "136.6 x 69.8 x 7.9mm mm",
      "storage": "16, 32, 64 GB",
      "weight": "130 g",
      "year": 2013,
      "price": 300,
      "released": "2013-01-19T18:30:00.000Z"
    },
    {
      "brandId": 8,
      "camera": "8 MP Exmor RS with LED flash, geo-tagging, touch focus, face detection, image stabilization, HDR, sweep panorama, 720p@30fps video, video stabilization; VGA front",
      "cpu": "1 GHz dual core Krait",
      "display": "4.3\" 854 x 480 TFT LCD, 228 ppi",
      "gpu": "Adreno 305",
      "id": 63,
      "name": "Sony Xperia L",
      "os": "Android 4.1.2 Jelly Bean (initial), Android 4.3 Jellybean Planned November",
      "ram": "1 GB",
      "size": "128.7 x 65 x 9.7 mm",
      "storage": "8 GB",
      "weight": "137 g",
      "year": 2013,
      "price": 304,
      "released": "2013-05-31T18:30:00.000Z"
    },
    {
      "brandId": 8,
      "camera": "20.7 MP back-side illuminated sensor with LED flash 1080p video recording",
      "cpu": "2.2 GHz quad-core Krait",
      "display": "5.0\" 1920 x 1080 diagonal TFT, 441 ppi",
      "gpu": "Adreno 330",
      "id": 64,
      "name": "Sony Xperia Z1",
      "os": "Android 4.2.2 Jelly Bean (initial)",
      "ram": "2 GB",
      "size": "144 x 74 x 8.5 mm",
      "storage": "16 GB",
      "weight": "170 g",
      "year": 2013,
      "price": 342,
      "released": "2013-08-14T18:30:00.000Z"
    },
    {
      "brandId": 8,
      "camera": "13.1 MP rear with Exmor RS, continuous autofocus, LED flash, geo-tagging, touch focus, face detection, image stabilization, video light, video stabilizer, HDR, sweep panorama, 1080p@30fps video; 2.2 MP front, 1080p@30fps video",
      "cpu": "1.5 GHz quad-core Snapdragon S4 Pro",
      "display": "5.0\" 1920 x 1080, 441 ppi",
      "gpu": "Adreno 320",
      "id": 65,
      "name": "Sony Xperia Z",
      "os": "Android 4.1 (Jelly Bean), planned upgrade to 4.2",
      "ram": "2 GB",
      "size": "139 x 71 x 7,9 mm",
      "storage": "16 GB",
      "weight": "146 g",
      "year": 2013,
      "price": 371,
      "released": "2013-11-30T18:30:00.000Z"
    },
    {
      "brandId": 8,
      "camera": "13 MP rear with 4128x3096 pixels, continuous autofocus, LED flash, geo-tagging, touch focus, face detection, image stabilization, sweep panorama, video light, video stabilizer, 1080p@30fps video; 2 MP front, 720p@30fps video",
      "cpu": "1.5 GHz quad-core Qualcomm Krait (MSM8064)",
      "display": "5.0\" 1920 x 1080, 441 ppi",
      "gpu": "Adreno 320",
      "id": 66,
      "name": "Sony Xperia ZL",
      "os": "Android 4.1 (Jelly Bean), planned upgrade to 4.2",
      "ram": "2 GB",
      "size": "131.6 x 69.3 x 9.8 mm",
      "storage": "16 GB",
      "weight": "151 g",
      "year": 2013,
      "price": 358,
      "released": "2013-11-12T18:30:00.000Z"
    },
    {
      "brandId": 8,
      "camera": "8 MP rear with 3264x2448 pixels, continuous autofocus, LED flash, geo-tagging, touch focus, face detection, image stabilization, sweep panorama, video light, video stabilizer, 1080p@30fps video; 0.3 MP front, 480p@30fps video",
      "cpu": "1.7 GHz dual-core Qualcomm Krait (MSM8960T)",
      "display": "4.6\" 1280 x 720, 319 ppi",
      "gpu": "Adreno 320",
      "id": 67,
      "name": "Sony Xperia SP",
      "os": "Android 4.1 (Jelly Bean), planned upgrade to 4.3",
      "ram": "1 GB",
      "size": "130.6 x 67.1 x 10 mm",
      "storage": "8 GB",
      "weight": "155 g",
      "year": 2013,
      "price": 205,
      "released": "2013-04-29T18:30:00.000Z"
    },
    {
      "brandId": 1,
      "camera": "4 MP (rear camera) w UltraPixel and Dual camera Depth sensor, phase detection, dual-LED flash, 5.0 MP (front camera)",
      "cpu": "Quad-core 2.5 GHz Krait 400 Qualcomm MSM8975AC Snapdragon 801",
      "display": "5.0\" 1920x1080",
      "gpu": "Adreno 330",
      "id": 68,
      "name": "HTC One (M8)",
      "os": "Android v4.4.2 kitKat upgradable to v6.0.1 Marshmallow",
      "ram": "2 GB",
      "size": "146.4 x 70.6 x 9.4mm",
      "storage": "16 GB,32 GB",
      "weight": "160 g",
      "year": 2014,
      "price": 308,
      "released": "2014-01-18T18:30:00.000Z"
    },
    {
      "brandId": 3,
      "camera": "13 MP (rear camera) w phase detection laser autofocus, optical image stabilization, dual-LED flash, 2.1 MP (front camera)",
      "cpu": "Quad-core 2.5 GHz Krait 400 Qualcomm MSM8975AC Snapdragon 801",
      "display": "5.5\" 2560x1440",
      "gpu": "Adreno 330",
      "id": 69,
      "name": "LG G3",
      "os": "Android v4.4.2 kitKat upgradable to v5.0 Lollipop",
      "ram": "2 GB, 3 GB",
      "size": "146.3 x 74.6 x 8.9mm",
      "storage": "16 GB,32 GB",
      "weight": "149 g",
      "year": 2014,
      "price": 334,
      "released": "2014-07-15T18:30:00.000Z"
    },
    {
      "brandId": 12,
      "camera": "8 MP (rear camera)(supporting up to 240fps slo-mo video recording), 1.2 MP (front camera)",
      "cpu": "1.4 GHz dual-core Apple A8",
      "display": "4.7\" 1334x750",
      "gpu": "PowerVR Series 6 GX6450",
      "id": 70,
      "name": "Apple iPhone 6",
      "os": "iOS 8, upgradeable to iOS 9.0",
      "ram": "1 GB LPDDR3 RAM",
      "size": "138.1 x 67 x 6.9 mm",
      "storage": "16 GB, 64 GB, 128 GB",
      "weight": "129g",
      "year": 2014,
      "price": 260,
      "released": "2014-10-23T18:30:00.000Z"
    },
    {
      "brandId": 12,
      "camera": "8 MP (rear camera) (with Optical Image Stabilization, supporting up to 240fps slo-mo video recording), 1.2 MP (front camera)",
      "cpu": "1.4 GHz dual-core Apple A8",
      "display": "5.5\" 1920x1080",
      "gpu": "PowerVR Series 6 GX6450",
      "id": 71,
      "name": "Apple iPhone 6 Plus",
      "os": "iOS 8, upgradeable to iOS 9.0",
      "ram": "1 GB LPDDR3 RAM",
      "size": "158.1 x 77.8 x 7.1 mm",
      "storage": "16 GB, 64 GB, 128 GB",
      "weight": "172g",
      "year": 2014,
      "price": 220,
      "released": "2014-06-22T18:30:00.000Z"
    },
    {
      "brandId": 7,
      "camera": "16 MP with 4K(2160p) video recording (rear camera) 2.1 MP (front camera)",
      "cpu": "1.9 GHz quad-core Cortex-A15 and 1.3 GHz quad-core Cortex-A7",
      "display": "5.1\" 1920 x 1080, 432 ppi",
      "gpu": "ARM Mali T628MP6 or Adreno 330",
      "id": 72,
      "name": "Samsung Galaxy S5",
      "os": "Android Android KitKat 4.4.2 upgradeable 6.0 Marshmallow",
      "ram": "2 GB LPDDR3 RAM",
      "size": "142 x 72.5 x 8.1 mm",
      "storage": "16 GB, 32 GB",
      "weight": "145g",
      "year": 2014,
      "price": 297,
      "released": "2014-03-16T18:30:00.000Z"
    },
    {
      "brandId": 7,
      "camera": "16 MP, Optical Image Stabilization, 4K(2160p) video recording (rear camera) 3.7 MP (front camera), wide selfie mode",
      "cpu": "1.9 GHz quad-core Cortex-A57 and 1.3 GHz quad-core Cortex-A53",
      "display": "5.7\" 2560 x 1440, 515 ppi",
      "gpu": "ARM Mali T760 or Adreno 420",
      "id": 73,
      "name": "Samsung Galaxy Note 4",
      "os": "Android Android KitKat 4.4.4 upgradeable 5.0 Lollipop",
      "ram": "3 GB LPDDR3 RAM",
      "size": "153.5 x 78.6 x 8.5 mm",
      "storage": "32 GB",
      "weight": "176g",
      "year": 2014,
      "price": 255,
      "released": "2014-08-22T18:30:00.000Z"
    },
    {
      "brandId": 8,
      "camera": "20.7 MP back-side illuminated sensor with pulsed LED flash (with digital stabilisation), 4K video",
      "cpu": "Qualcomm Snapdragon MSM8974AC 801 @ 2.5 GHz",
      "display": "5.15\" BRAVIA IPS (1080 x 1920, 424 ppi)",
      "gpu": "Adreno 330",
      "id": 74,
      "name": "Sony Xperia Z3",
      "os": "Android Android KitKat 4.4.4, Android Lollipop upgrade planned",
      "ram": "3 GB LPDDR3 RAM",
      "size": "146 x 72 x 7.3  mm",
      "storage": "16 GB (32 GB for D6616, D6708/Z3v, SO-01G, SOL26 and 401SO variants)",
      "weight": "152g",
      "year": 2014,
      "price": 259,
      "released": "2014-09-22T18:30:00.000Z"
    },
    {
      "brandId": 4,
      "camera": "20 MP (rear camera), 5 MP (front camera)",
      "cpu": "Dual-core 1.82 GHz Cortex-A57 & Quad-core 1.44 GHz Cortex-A53",
      "display": "5.2\" 2560 x 1440",
      "gpu": "Adreno 418",
      "id": 75,
      "name": "Microsoft Lumia 950",
      "os": "Windows 10 Mobile",
      "ram": "3 GB LPDDR3",
      "size": "145 x 73.2 x 8.5 mm",
      "storage": "32 GB",
      "weight": "150 g (5.29 oz)",
      "year": 2015,
      "price": 244,
      "released": "2015-11-20T18:30:00.000Z"
    },
    {
      "brandId": 4,
      "camera": "20 MP (rear camera), 5 MP (front camera)",
      "cpu": "Quad-core 2 GHz Cortex-A57 & Quad-core 1.5 GHz Cortex-A53",
      "display": "5.7\" 2560 x 1440",
      "gpu": "Adreno 430",
      "id": 76,
      "name": "Microsoft Lumia 950 XL",
      "os": "Windows 10 Mobile",
      "ram": "3 GB LPDDR4",
      "size": "151.9 x 78.4 x 8.1 mm",
      "storage": "32 GB",
      "weight": "165 g (5.82 oz)",
      "year": 2015,
      "price": 219,
      "released": "2015-06-15T18:30:00.000Z"
    },
    {
      "brandId": 1,
      "camera": "20.7 MP (rear camera), 4 MP UltraPixel (front camera)",
      "cpu": "Quad-core 1.5 GHz Cortex-A53 & Quad-core 2 GHz Cortex-A57",
      "display": "5.0\" 1920 x 1080",
      "gpu": "Adreno 430",
      "id": 77,
      "name": "HTC One M9",
      "os": "Android 5.0 Lollipop, upgradable to v6.0.1 Android Marshmallow",
      "ram": "3 GB LPDDR4",
      "size": "144.6 x 69.7 x 9.6 mm",
      "storage": "32 GB, 64 GB",
      "weight": "157 g (5.54 oz)",
      "year": 2015,
      "price": 255,
      "released": "2015-09-04T18:30:00.000Z"
    },
    {
      "brandId": 3,
      "camera": "16 MP (rear camera), 5 MP Duo (front camera)",
      "cpu": "Quad-core 1.44 GHz Cortex-A53 & dual-core 1.82 GHz Cortex-A57",
      "display": "5.7\" 2560 x 1440",
      "gpu": "Adreno 418",
      "id": 78,
      "name": "LG V10",
      "os": "Android 5.1.1 Lollipop",
      "ram": "4 GB",
      "size": "159.6 x 79.3 x 8.6 mm",
      "storage": "64 GB",
      "weight": "192 g",
      "year": 2015,
      "price": 231,
      "released": "2015-08-19T18:30:00.000Z"
    },
    {
      "brandId": 2,
      "camera": "12.3MP (rear camera) 8MP (front camera)",
      "cpu": "Quad-core 2.0 GHz Cortex A53 & quad-core 1.5 GHz Cortex A57",
      "display": "5.7\" 2560 x 1440",
      "gpu": "Adreno 430",
      "id": 79,
      "name": "Google Nexus 6P",
      "os": "Android 6.0 Marshmallow",
      "ram": "3 GB LPDDR4",
      "size": "159.3 x 77.8 x 7.3 mm",
      "storage": "32 GB, 64 GB, 128 GB",
      "weight": "178g",
      "year": 2015,
      "price": 382,
      "released": "2015-10-20T18:30:00.000Z"
    },
    {
      "brandId": 2,
      "camera": "12.3MP (rear camera), 5MP (front camera)",
      "cpu": "Dual-core 1.82 GHz Cortex-A57 & Quad-core 1.44 GHz Cortex-A53",
      "display": "5.2\" 1920 x 1080",
      "gpu": "Adreno 418",
      "id": 80,
      "name": "Google Nexus 5X",
      "os": "Android 6.0 Marshmallow",
      "ram": "2 GB LPDDR4",
      "size": "147 x 72.6 x 7.9 mm",
      "storage": "16 GB, 32 GB",
      "weight": "136g",
      "year": 2015,
      "price": 320,
      "released": "2015-12-31T18:30:00.000Z"
    },
    {
      "brandId": 9,
      "camera": "18MP (rear camera), 2MP (front camera)",
      "cpu": "Dual-core 1.82 GHz Cortex-A57 & Quad-core 1.44 GHz Cortex-A53",
      "display": "Curved 5.43” 2560 x 1440",
      "gpu": "Adreno 418",
      "id": 81,
      "name": "Blackberry Priv",
      "os": "Android 5.1.1 Lollipop",
      "ram": "3 GB LPDDR3",
      "size": "147 (184 opened) x 77.2 x 9.4 mm",
      "storage": "32 GB",
      "weight": "192g",
      "year": 2015,
      "price": 326,
      "released": "2015-08-17T18:30:00.000Z"
    },
    {
      "brandId": 8,
      "camera": "20.7 MP (rear camera), 5.1 MP (front camera)",
      "cpu": "Quad-core 1.5 GHz Cortex-A53 & Quad-core 2 GHz Cortex-A57",
      "display": "5.2\" 1920x1080",
      "gpu": "Adreno 430",
      "id": 82,
      "name": "Sony Xperia Z3+",
      "os": "Android 5.0 Lollipop, planned upgrade to v6.0 (Marshmallow)",
      "ram": "3 GB LPDDR4",
      "size": "146 x 72 x 6.9 mm",
      "storage": "32 GB",
      "weight": "144 g (5.08 oz)",
      "year": 2015,
      "price": 335,
      "released": "2015-10-22T18:30:00.000Z"
    },
    {
      "brandId": 7,
      "camera": "21 MP (rear camera), 5 MP (front camera)",
      "cpu": "Quad-core 1.7 GHz Cortex-A53 & Quad-core 1.0 GHz Cortex-A53",
      "display": "5.5\" 1920x1080",
      "gpu": "Adreno 405",
      "id": 83,
      "name": "Moto X Play",
      "os": "Android 5.1.1 Lollipop",
      "ram": "2 GB LPDDR3",
      "size": "148 x 75 x 10.9 mm",
      "storage": "16 GB, 32 GB",
      "weight": "169 g (5.96 oz)",
      "year": 2015,
      "price": 348,
      "released": "2015-11-22T18:30:00.000Z"
    },
    {
      "brandId": 3,
      "camera": "16 MP (rear camera), 8 MP (front camera)",
      "cpu": "Dual-core 1.82 GHz Cortex-A57 & Quad-core 1.44 GHz Cortex-A53",
      "display": "5.5\" 2560 x 1440",
      "gpu": "Adreno 418",
      "id": 84,
      "name": "LG G4",
      "os": "Android 5.1 Lollipop",
      "ram": "3 GB LPDDR3",
      "size": "148.9 x 76.1 x 6.3 - 9.8 mm",
      "storage": "32 GB",
      "weight": "155 g (5.47 oz)",
      "year": 2015,
      "price": 216,
      "released": "2015-09-15T18:30:00.000Z"
    },
    {
      "brandId": 11,
      "camera": "13 MP (rear camera), 5 MP (front camera)",
      "cpu": "Quad-core Cortex-A53 & Quad-core 1.8 GHz Cortex-A57",
      "display": "5.5\" 1920x1080",
      "gpu": "Adreno 430",
      "id": 85,
      "name": "OnePlus 2",
      "os": "Android 5.1.1 Lollipop",
      "ram": "3 or 4 GB LPDDR4",
      "size": "151.8 x 74.9 x 9.85 mm",
      "storage": "16 GB, 64 GB",
      "weight": "175 g (6.2 oz)",
      "year": 2015,
      "price": 354,
      "released": "2015-11-07T18:30:00.000Z"
    },
    {
      "brandId": 12,
      "camera": "12 MP (rear camera), 5 MP (front camera)",
      "cpu": "Dual-core 1.85 GHz",
      "display": "4.7\" 1334x750",
      "gpu": "PowerVR GT7600",
      "id": 86,
      "name": "Apple iPhone 6S",
      "os": "iOS 9",
      "ram": "2 GB LPDDR4",
      "size": "138.3 x 67.1 x 7.1 mm",
      "storage": "16 GB, 64 GB, 128 GB",
      "weight": "143 g (5.04 oz)",
      "year": 2015,
      "price": 221,
      "released": "2015-04-14T18:30:00.000Z"
    },
    {
      "brandId": 12,
      "camera": "12 MP (rear camera), 5 MP (front camera)",
      "cpu": "Dual-core 1.85 GHz",
      "display": "5.5\" 1920x1080",
      "gpu": "PowerVR GT7600",
      "id": 87,
      "name": "Apple iPhone 6S Plus",
      "os": "iOS 9",
      "ram": "2 GB LPDDR4",
      "size": "158.2 x 77.9 x 7.3 mm",
      "storage": "16 GB, 64 GB, 128 GB",
      "weight": "192g (6.77 oz)",
      "year": 2015,
      "price": 273,
      "released": "2015-02-16T18:30:00.000Z"
    },
    {
      "brandId": 7,
      "camera": "16 MP (rear camera), 5 MP (front camera)",
      "cpu": "Quad-core 2.1 GHz Cortex-A57 & Quad-core 1.5 GHz Cortex-A53",
      "display": "5.1\" 2560x1440",
      "gpu": "Mali-T760 MP8",
      "id": 88,
      "name": "Samsung Galaxy S6",
      "os": "Android 5.0.2 Lollipop",
      "ram": "3 GB LPDDR4",
      "size": "143.4 x 70.5 x 6.8 mm",
      "storage": "32 GB, 64 GB, 128 GB",
      "weight": "138 g (4.9 oz)",
      "year": 2015,
      "price": 338,
      "released": "2015-09-19T18:30:00.000Z"
    },
    {
      "brandId": 7,
      "camera": "16 MP (rear camera), 5 MP (front camera)",
      "cpu": "Quad-core 2.1 GHz Cortex-A57 & Quad-core 1.5 GHz Cortex-A53",
      "display": "5.1\" 2560x1440",
      "gpu": "Mali-T760 MP8",
      "id": 89,
      "name": "Samsung Galaxy S6 Edge",
      "os": "Android 5.0.2 Lollipop",
      "ram": "3 GB LPDDR4",
      "size": "142 x 70.1 x 7 mm",
      "storage": "32 GB, 64 GB, 128 GB",
      "weight": "132 g (4.7 oz)",
      "year": 2015,
      "price": 275,
      "released": "2015-03-31T18:30:00.000Z"
    },
    {
      "brandId": 7,
      "camera": "16 MP (rear camera), 5 MP (front camera)",
      "cpu": "Quad-core 2.1 GHz Cortex-A57 & Quad-core 1.5 GHz Cortex-A53",
      "display": "5.7\" 2560x1440",
      "gpu": "Mali-T760 MP8",
      "id": 90,
      "name": "Samsung Galaxy S6 Edge+",
      "os": "Android 5.1.1 Lollipop",
      "ram": "3 GB LPDDR4",
      "size": "154.4 x 75.8 x 6.9 mm",
      "storage": "32 GB, 64 GB, 128 GB",
      "weight": "153 g (5.4 oz)",
      "year": 2015,
      "price": 226,
      "released": "2015-01-08T18:30:00.000Z"
    },
    {
      "brandId": 7,
      "camera": "16 MP (rear camera), 5 MP (front camera)",
      "cpu": "Quad-core 2.1 GHz Cortex-A57 & Quad-core 1.5 GHz Cortex-A53",
      "display": "5.7\" 2560x1440",
      "gpu": "Mali-T760 MP8",
      "id": 91,
      "name": "Samsung Galaxy Note 5",
      "os": "Android 5.1.1 Lollipop",
      "ram": "3 GB LPDDR4",
      "size": "153.2 x 76.1 x 7.6 mm",
      "storage": "32 GB, 64 GB, 128 GB",
      "weight": "171 g (6.0 oz)",
      "year": 2015,
      "price": 338,
      "released": "2015-03-17T18:30:00.000Z"
    },
    {
      "brandId": 8,
      "camera": "23 MP (rear camera), 5 MP (front camera)",
      "cpu": "Quad-core 2.0 GHz Cortex-A57 & Quad-core 1.5 GHz Cortex-A53",
      "display": "5.2\" 1920x1080",
      "gpu": "Adreno 430",
      "id": 92,
      "name": "Sony Xperia Z5",
      "os": "Android 5.1.1 Lollipop",
      "ram": "3 GB LPDDR4",
      "size": "146 x 72 x 7.3 mm",
      "storage": "32 GB",
      "weight": "154 g (5.4 oz)",
      "year": 2015,
      "price": 346,
      "released": "2015-02-17T18:30:00.000Z"
    },
    {
      "brandId": 7,
      "camera": "12 MP (rear camera), 5 MP (front camera)",
      "cpu": "Dual-core 2.15 GHz Kryo & Dual-core 1.44 GHz Kryo",
      "display": "5.1\" 2560 x 1440",
      "gpu": "Adreno 530",
      "id": 93,
      "name": "Samsung Galaxy S7",
      "os": "Android 6.0 Marshmallow",
      "ram": "4 GB LPDDR4",
      "size": "142.4 x 69.6 x 7.9 mm",
      "storage": "32 GB, 64 GB",
      "weight": "152 g (5.4 oz)",
      "year": 2016,
      "price": 283,
      "released": "2016-06-11T18:30:00.000Z"
    },
    {
      "brandId": 7,
      "camera": "12 MP (rear camera), 5 MP (front camera)",
      "cpu": "Dual-core 2.15 GHz Kryo & Dual-core 1.44 GHz Kryo",
      "display": "5.5\" 2560 x 1440",
      "gpu": "Adreno 530",
      "id": 94,
      "name": "Samsung Galaxy S7 Edge",
      "os": "Android 6.0 Marshmallow",
      "ram": "4 GB LPDDR4",
      "size": "150.9 x 72.6 x 7.7 mm",
      "storage": "32 GB, 64 GB",
      "weight": "157 g (5.5 oz)",
      "year": 2016,
      "price": 321,
      "released": "2016-12-25T18:30:00.000Z"
    },
    {
      "brandId": 1,
      "camera": "12 MP (rear camera), 5 MP (front camera)",
      "cpu": "Dual-core 2.15 GHz Kryo & Dual-core 1.44 GHz Kryo",
      "display": "5.2\" 2560 x 1440",
      "gpu": "Adreno 530",
      "id": 95,
      "name": "HTC 10",
      "os": "Android 6.0 Marshmallow",
      "ram": "4 GB LPDDR4",
      "size": "145.9 x 71.9 x 9 mm",
      "storage": "32 GB, 64 GB",
      "weight": "160 g (5.7 oz)",
      "year": 2016,
      "price": 356,
      "released": "2016-12-12T18:30:00.000Z"
    },
    {
      "brandId": 3,
      "camera": "16 MP (rear camera), 8 MP (front camera)",
      "cpu": "Dual-core 2.15 GHz Kryo & Dual-core 1.44 GHz Kryo",
      "display": "5.3\" 2560 x 1440",
      "gpu": "Adreno 530",
      "id": 96,
      "name": "LG G5",
      "os": "Android 6.0 Marshmallow",
      "ram": "4 GB LPDDR4",
      "size": "149.4 x 73.9 x 7.7 mm",
      "storage": "32 GB",
      "weight": "159 g (5.61 oz)",
      "year": 2016,
      "price": 201,
      "released": "2016-09-20T18:30:00.000Z"
    },
    {
      "brandId": 12,
      "camera": "5.0 MP AF with LED flash and geotagging, 1280 x 720 video at 30 frame/s (rear); 0.3 MP VGA (front)",
      "cpu": "800 MHz Apple A4",
      "display": "3.5\" 640 x 960 Retina display, 326 ppi",
      "gpu": "PowerVR SGX 535",
      "id": 100,
      "name": "Apple iPhone 4",
      "os": "iOS 4, upgradeable to iOS 7.1.2",
      "ram": "512 MB",
      "size": "62.8 cm3 115.2 x 58.6 x 9.3 mm",
      "storage": "8, 16 or 32 GB",
      "weight": "137 g",
      "year": 2010,
      "price": 323,
      "released": "2010-07-10T18:30:00.000Z"
    },
    {
      "name": "New product",
      "year": 2010,
      "brandId": "5",
      "id": 101
    },
    {
      "name": "new phone 2017",
      "year": 2017,
      "brandId": "5",
      "id": 102
    },
    {
      "name": "New product 102",
      "price": 325,
      "year": 2019,
      "weight": "90 g",
      "brandId": "5",
      "id": 103
    }
  ]
}