{
    "errors": [
      {
        "level": "info",
        "message": "info not found",
        "id": 1
      },
      {
        "level": "error",
        "message": "exception route ",
        "trace": "test test test",
        "id": 2
      },
      {
        "message": "Crash in component",
        "stack_trace": "\"Error: Crash in component\\n    at ContactComponent.crash (webpack-internal:///./src/app/components/contact/contact.component.ts:27:15)\\n    at Object.eval [as handleEvent] (ng:///AppModule/ContactComponent.ngfactory.js:19:23)\\n    at handleEvent (webpack-internal:///./node_modules/@angular/core/esm5/core.js:13805:155)\\n    at callWithDebugContext (webpack-internal:///./node_modules/@angular/core/esm5/core.js:15314:42)\\n    at Object.debugHandleEvent [as handleEvent] (webpack-internal:///./node_modules/@angular/core/esm5/core.js:14901:12)\\n    at dispatchEvent (webpack-internal:///./node_modules/@angular/core/esm5/core.js:10220:25)\\n    at eval (webpack-internal:///./node_modules/@angular/core/esm5/core.js:10845:38)\\n    at HTMLButtonElement.eval (webpack-internal:///./node_modules/@angular/platform-browser/esm5/platform-browser.js:2680:53)\\n    at ZoneDelegate.invokeTask (webpack-internal:///./node_modules/zone.js/dist/zone.js:421:31)\\n    at Object.onInvokeTask (webpack-internal:///./node_modules/@angular/core/esm5/core.js:4967:33)\"",
        "id": 3
      },
      {
        "message": "Crash in component",
        "stack_trace": "\"Error: Crash in component\\n    at ContactComponent.crash (webpack-internal:///./src/app/components/contact/contact.component.ts:27:15)\\n    at Object.eval [as handleEvent] (ng:///AppModule/ContactComponent.ngfactory.js:19:23)\\n    at handleEvent (webpack-internal:///./node_modules/@angular/core/esm5/core.js:13805:155)\\n    at callWithDebugContext (webpack-internal:///./node_modules/@angular/core/esm5/core.js:15314:42)\\n    at Object.debugHandleEvent [as handleEvent] (webpack-internal:///./node_modules/@angular/core/esm5/core.js:14901:12)\\n    at dispatchEvent (webpack-internal:///./node_modules/@angular/core/esm5/core.js:10220:25)\\n    at eval (webpack-internal:///./node_modules/@angular/core/esm5/core.js:10845:38)\\n    at HTMLButtonElement.eval (webpack-internal:///./node_modules/@angular/platform-browser/esm5/platform-browser.js:2680:53)\\n    at ZoneDelegate.invokeTask (webpack-internal:///./node_modules/zone.js/dist/zone.js:421:31)\\n    at Object.onInvokeTask (webpack-internal:///./node_modules/@angular/core/esm5/core.js:4967:33)\"",
        "id": 4
      },
      {
        "message": "Uncaught (in promise): Error: Loading chunk product.module failed.\nError: Loading chunk product.module failed.\n    at HTMLScriptElement.onScriptComplete (http://localhost:4200/inline.bundle.js:104:24)\n    at HTMLScriptElement.wrapFn (webpack-internal:///./node_modules/zone.js/dist/zone.js:1188:39)\n    at ZoneDelegate.invokeTask (webpack-internal:///./node_modules/zone.js/dist/zone.js:421:31)\n    at Object.onInvokeTask (webpack-internal:///./node_modules/@angular/core/esm5/core.js:4967:33)\n    at ZoneDelegate.invokeTask (webpack-internal:///./node_modules/zone.js/dist/zone.js:420:36)\n    at Zone.runTask (webpack-internal:///./node_modules/zone.js/dist/zone.js:188:47)\n    at ZoneTask.invokeTask [as invoke] (webpack-internal:///./node_modules/zone.js/dist/zone.js:496:34)\n    at invokeTask (webpack-internal:///./node_modules/zone.js/dist/zone.js:1540:14)\n    at HTMLScriptElement.globalZoneAwareCallback (webpack-internal:///./node_modules/zone.js/dist/zone.js:1566:17)",
        "stack_trace": "\"Error: Uncaught (in promise): Error: Loading chunk product.module failed.\\nError: Loading chunk product.module failed.\\n    at HTMLScriptElement.onScriptComplete (http://localhost:4200/inline.bundle.js:104:24)\\n    at HTMLScriptElement.wrapFn (webpack-internal:///./node_modules/zone.js/dist/zone.js:1188:39)\\n    at ZoneDelegate.invokeTask (webpack-internal:///./node_modules/zone.js/dist/zone.js:421:31)\\n    at Object.onInvokeTask (webpack-internal:///./node_modules/@angular/core/esm5/core.js:4967:33)\\n    at ZoneDelegate.invokeTask (webpack-internal:///./node_modules/zone.js/dist/zone.js:420:36)\\n    at Zone.runTask (webpack-internal:///./node_modules/zone.js/dist/zone.js:188:47)\\n    at ZoneTask.invokeTask [as invoke] (webpack-internal:///./node_modules/zone.js/dist/zone.js:496:34)\\n    at invokeTask (webpack-internal:///./node_modules/zone.js/dist/zone.js:1540:14)\\n    at HTMLScriptElement.globalZoneAwareCallback (webpack-internal:///./node_modules/zone.js/dist/zone.js:1566:17)\\n    at resolvePromise (webpack-internal:///./node_modules/zone.js/dist/zone.js:814:31)\\n    at resolvePromise (webpack-internal:///./node_modules/zone.js/dist/zone.js:771:17)\\n    at eval (webpack-internal:///./node_modules/zone.js/dist/zone.js:873:17)\\n    at ZoneDelegate.invokeTask (webpack-internal:///./node_modules/zone.js/dist/zone.js:421:31)\\n    at Object.onInvokeTask (webpack-internal:///./node_modules/@angular/core/esm5/core.js:4967:33)\\n    at ZoneDelegate.invokeTask (webpack-internal:///./node_modules/zone.js/dist/zone.js:420:36)\\n    at Zone.runTask (webpack-internal:///./node_modules/zone.js/dist/zone.js:188:47)\\n    at drainMicroTaskQueue (webpack-internal:///./node_modules/zone.js/dist/zone.js:595:35)\\n    at ZoneTask.invokeTask [as invoke] (webpack-internal:///./node_modules/zone.js/dist/zone.js:500:21)\\n    at invokeTask (webpack-internal:///./node_modules/zone.js/dist/zone.js:1540:14)\"",
        "id": 5
      },
      {
        "message": "Uncaught (in promise): Error: Loading chunk product.module failed.\nError: Loading chunk product.module failed.\n    at HTMLScriptElement.onScriptComplete (http://localhost:4200/inline.bundle.js:104:24)\n    at HTMLScriptElement.wrapFn (webpack-internal:///./node_modules/zone.js/dist/zone.js:1188:39)\n    at ZoneDelegate.invokeTask (webpack-internal:///./node_modules/zone.js/dist/zone.js:421:31)\n    at Object.onInvokeTask (webpack-internal:///./node_modules/@angular/core/esm5/core.js:4967:33)\n    at ZoneDelegate.invokeTask (webpack-internal:///./node_modules/zone.js/dist/zone.js:420:36)\n    at Zone.runTask (webpack-internal:///./node_modules/zone.js/dist/zone.js:188:47)\n    at ZoneTask.invokeTask [as invoke] (webpack-internal:///./node_modules/zone.js/dist/zone.js:496:34)\n    at invokeTask (webpack-internal:///./node_modules/zone.js/dist/zone.js:1540:14)\n    at HTMLScriptElement.globalZoneAwareCallback (webpack-internal:///./node_modules/zone.js/dist/zone.js:1566:17)",
        "stack_trace": "\"Error: Uncaught (in promise): Error: Loading chunk product.module failed.\\nError: Loading chunk product.module failed.\\n    at HTMLScriptElement.onScriptComplete (http://localhost:4200/inline.bundle.js:104:24)\\n    at HTMLScriptElement.wrapFn (webpack-internal:///./node_modules/zone.js/dist/zone.js:1188:39)\\n    at ZoneDelegate.invokeTask (webpack-internal:///./node_modules/zone.js/dist/zone.js:421:31)\\n    at Object.onInvokeTask (webpack-internal:///./node_modules/@angular/core/esm5/core.js:4967:33)\\n    at ZoneDelegate.invokeTask (webpack-internal:///./node_modules/zone.js/dist/zone.js:420:36)\\n    at Zone.runTask (webpack-internal:///./node_modules/zone.js/dist/zone.js:188:47)\\n    at ZoneTask.invokeTask [as invoke] (webpack-internal:///./node_modules/zone.js/dist/zone.js:496:34)\\n    at invokeTask (webpack-internal:///./node_modules/zone.js/dist/zone.js:1540:14)\\n    at HTMLScriptElement.globalZoneAwareCallback (webpack-internal:///./node_modules/zone.js/dist/zone.js:1566:17)\\n    at resolvePromise (webpack-internal:///./node_modules/zone.js/dist/zone.js:814:31)\\n    at resolvePromise (webpack-internal:///./node_modules/zone.js/dist/zone.js:771:17)\\n    at eval (webpack-internal:///./node_modules/zone.js/dist/zone.js:873:17)\\n    at ZoneDelegate.invokeTask (webpack-internal:///./node_modules/zone.js/dist/zone.js:421:31)\\n    at Object.onInvokeTask (webpack-internal:///./node_modules/@angular/core/esm5/core.js:4967:33)\\n    at ZoneDelegate.invokeTask (webpack-internal:///./node_modules/zone.js/dist/zone.js:420:36)\\n    at Zone.runTask (webpack-internal:///./node_modules/zone.js/dist/zone.js:188:47)\\n    at drainMicroTaskQueue (webpack-internal:///./node_modules/zone.js/dist/zone.js:595:35)\\n    at ZoneTask.invokeTask [as invoke] (webpack-internal:///./node_modules/zone.js/dist/zone.js:500:21)\\n    at invokeTask (webpack-internal:///./node_modules/zone.js/dist/zone.js:1540:14)\"",
        "id": 6
      },
      {
        "message": "this.searchControl.valueChanges.filter.subscribe is not a function",
        "stack_trace": "\"TypeError: this.searchControl.valueChanges.filter.subscribe is not a function\\n    at ProductSearchComponent.ngOnInit (webpack-internal:///./src/app/product/components/product-search/product-search.component.ts:30:14)\\n    at checkAndUpdateDirectiveInline (webpack-internal:///./node_modules/@angular/core/esm5/core.js:12627:19)\\n    at checkAndUpdateNodeInline (webpack-internal:///./node_modules/@angular/core/esm5/core.js:14151:20)\\n    at checkAndUpdateNode (webpack-internal:///./node_modules/@angular/core/esm5/core.js:14094:16)\\n    at debugCheckAndUpdateNode (webpack-internal:///./node_modules/@angular/core/esm5/core.js:14987:76)\\n    at debugCheckDirectivesFn (webpack-internal:///./node_modules/@angular/core/esm5/core.js:14928:13)\\n    at Object.eval [as updateDirectives] (ng:///ProductModule/ProductSearchComponent_Host.ngfactory.js:9:5)\\n    at Object.debugUpdateDirectives [as updateDirectives] (webpack-internal:///./node_modules/@angular/core/esm5/core.js:14913:21)\\n    at checkAndUpdateView (webpack-internal:///./node_modules/@angular/core/esm5/core.js:14060:14)\\n    at callViewAction (webpack-internal:///./node_modules/@angular/core/esm5/core.js:14411:21)\"",
        "id": 7
      }
    ],
    "activities": [
      {
        "operation": "create",
        "message": "created product with id  12345",
        "id": 1
      }
    ]
  }